Top queries,Clicks,Impressions,CTR,Position
سبيشلتي هب,7684,18223,42.17%,1.01
xbloom,1606,13444,11.95%,3.6
xbloom مكينة,1371,5544,24.73%,1.13
speciality hub,1270,2218,57.26%,1
xbloom studio مكينة,1156,4908,23.55%,1.55
سبشلتي هب,1107,2476,44.71%,1.01
specialty hub,1099,1974,55.67%,1.26
سبيشلتي هاب,833,2151,38.73%,1
اكس بلوم,747,3219,23.21%,1.06
سكس كلاسيك,666,5499,12.11%,5.48
xbloom studio,631,4892,12.90%,4.31
xbloom coffee machine,590,6386,9.24%,5.48
سكس كلاسيكي,509,5584,9.12%,5.48
فريسكو,447,8094,5.52%,3.57
df54,372,3793,9.81%,5.58
مكينة اكس بلوم,359,1382,25.98%,1.07
سكس,357,53334,0.67%,9.81
مكينة xbloom,354,1204,29.40%,1.26
shub,347,1848,18.78%,12.17
x bloom,265,2538,10.44%,3.24
اكسبلوم,264,1201,21.98%,1.04
صانعة الثلج,259,13006,1.99%,5.87
مطحنة df54,257,1591,16.15%,1.07
سبشلتي هاب,249,673,37%,1.14
لامارزوكو,235,2540,9.25%,1.17
مق فريسكو,231,2771,8.34%,1.75
صانعة ثلج,205,8613,2.38%,5.43
مطحنة قهوة,197,16986,1.16%,5.91
xbloom coffee سعر,191,1390,13.74%,1.48
طاحونة df54,185,1577,11.73%,1.12
xbloom studio ksa,183,803,22.79%,1.88
اكواب فريسكو,176,1182,14.89%,1.03
سكس كلاسك,172,1053,16.33%,1.98
اود فيلو,163,1765,9.24%,7.35
اكسبلوم استديو,161,599,26.88%,1.21
سبشلتي,157,574,27.35%,1.07
الة xbloom,155,584,26.54%,1.02
صانعة ثلج ميركا,150,521,28.79%,1.11
kingrinder k6,149,1674,8.90%,10
سبشلتي هوب,149,332,44.88%,1
مطحنة قهوة يدوية,143,3864,3.70%,2.74
سبيشلتي,143,721,19.83%,1.32
ماكينة قهوة,139,17457,0.80%,6.23
df83,136,990,13.74%,6.67
ماكينة x bloom,136,503,27.04%,1.3
طاحونة قهوة,131,13366,0.98%,4.21
صانعة الثلج ميركا,131,475,27.58%,1.13
مق سيراميك,128,1525,8.39%,4.76
اود فيلو الاصدار الثاني,122,981,12.44%,7.65
df54 مطحنة,121,791,15.30%,1.04
كوب فريسكو,116,1179,9.84%,1.18
جهاز xbloom,115,537,21.42%,1.1
سبشيلتي هب,115,281,40.93%,1
la marzocco,105,3876,2.71%,8.48
ماكينة اكس بلوم,102,462,22.08%,1.07
الة قهوة xbloom,102,450,22.67%,1.05
fressko,101,1663,6.07%,3.65
fellow ode gen 2,99,1294,7.65%,8.86
سبيشلتي هوب,99,221,44.80%,1
ماكينة اسبريسو,98,13985,0.70%,2.99
سبيشالتي هب,97,225,43.11%,1.02
مكينة لامارزوكو,94,1032,9.11%,1.26
df 54,93,498,18.67%,4.55
الة اكس بلوم,93,401,23.19%,1.01
مكائن قهوة,89,3036,2.93%,3.63
مطحنة يدوية,87,2214,3.93%,1.72
xbloom coffee,85,1464,5.81%,6.35
أسعار ماكينة قهوة la marzocco,85,512,16.60%,1.34
اكس بلوم استوديو,85,267,31.84%,1.14
كبسولات xbloom,82,282,29.08%,1.5
مكينة قهوة,81,7087,1.14%,3.91
mirca ice maker,80,311,25.72%,1.01
بولسار,79,471,16.77%,1.66
مكينة xbloom studio,79,309,25.57%,1.5
la marzocco linea mini,77,918,8.39%,3.54
يوريكا,76,2773,2.74%,6.64
كبسولات اكس بلوم,76,412,18.45%,1.06
fressko mug,75,1198,6.26%,3.16
mirca,75,827,9.07%,13.12
ماكينة قهوة اكس بلوم,75,307,24.43%,1.09
ابريل,74,54618,0.14%,7.04
مطحنة df64,74,547,13.53%,1.05
باريستا تولز,73,12120,0.60%,3.99
xbloom كبسولات,73,362,20.17%,1.41
ادوات القهوة,72,3632,1.98%,6.61
ماكينة قهوة xbloom,72,387,18.60%,1.36
ادوات قهوه,71,2642,2.69%,5.07
قمع اوريا,71,198,35.86%,1.21
df64,70,1122,6.24%,4.93
ابغى سكس,69,607,11.37%,3.36
df64v,69,517,13.35%,5.05
xpods,68,452,15.04%,11.46
مطحنة كوماندانتي,66,807,8.18%,2.08
قمع اوريغامي,66,581,11.36%,1.63
سلاير,65,4586,1.42%,6.88
كليفر,65,4488,1.45%,3.86
فريسكو كوب,65,646,10.06%,1.11
mirca ice cube maker,65,247,26.32%,1.06
ادوات قهوة,64,1856,3.45%,5.17
hoop coffee brewer,64,667,9.60%,4.47
poursteady,61,1016,6%,6.94
six simple machines,61,154,39.61%,19.58
specialtyhub,61,81,75.31%,1
ماكينة اسبريسو منزلية,60,4524,1.33%,5.49
shub coffee,60,163,36.81%,1.01
x bloom studio coffee,58,390,14.87%,3.26
مطحنة df83,58,369,15.72%,1.14
مالكونيق x54,57,372,15.32%,1.33
اكس بلوم ماكينة قهوه,57,236,24.15%,1.22
فلاتر xbloom,57,202,28.22%,1.01
غلاية قهوة,56,9973,0.56%,7.95
مطحنة اسبريسو,56,1854,3.02%,3.01
df64 gen 2,55,318,17.30%,4.7
xbloom accessories,55,245,22.45%,3.58
لامرزوكو,54,927,5.83%,2.09
اكواب قهوة,53,5740,0.92%,5.99
xbloom pods,53,422,12.56%,4.66
zojirushi,52,1575,3.30%,5.3
مطحنة باراتزا,51,2048,2.49%,3.97
لامارزوكو gs3,51,569,8.96%,1.22
mirca coffee machine,51,291,17.53%,1.27
فيتكو,50,1060,4.72%,1.47
la marzocco gs3,50,792,6.31%,7.09
1zpresso zp6,49,488,10.04%,14.34
طاحونة df64,49,479,10.23%,1.69
ماكينة xbloom,49,163,30.06%,1.23
luxus,48,3126,1.54%,16.75
الاكس بلوم,48,98,48.98%,1.02
صانعه ثلج,47,2220,2.12%,3.75
feilai,47,171,27.49%,1.54
مطحنة يوريكا,46,678,6.78%,1.2
قمع هوب,46,361,12.74%,1.48
اله قهوه اكس بلوم,46,231,19.91%,1.03
مكينه قهوه,45,4755,0.95%,4.87
zp6,45,349,12.89%,4.72
xplom,45,146,30.82%,2.27
طاحونة كوماندانتي,44,750,5.87%,1.91
ميزان اكايا,44,676,6.51%,1.69
ode fellow gen 2,44,430,10.23%,3.44
سبيشلتي كوفي,43,886,4.85%,4.24
كوماندانتي,43,744,5.78%,1.95
لامارزوكو استرادا,43,504,8.53%,1.16
fressko كوب,43,340,12.65%,1.07
جهاز اكس بلوم,43,236,18.22%,1.04
سبيشلي هب,43,134,32.09%,1
df83v,42,373,11.26%,4.32
لامرزوكو لينيا ميني,41,409,10.02%,1.19
مطحنة فيلو الاصدار الثاني,41,303,13.53%,5.79
مطحنة,40,6254,0.64%,4.82
مكينة اكسبلوم,40,210,19.05%,1.08
سبيشلي هاب,40,110,36.36%,1
تايمور,39,3169,1.23%,4.94
مطحنة فيلو,39,1116,3.49%,7.4
مطحنة اود فيلو,39,967,4.03%,8.08
xbloom studio coffee machine,39,409,9.54%,5.24
سبيشل هب,39,86,45.35%,1
ايس ميكر,38,3799,1%,7.49
باسكت vst,38,204,18.63%,2.12
تودي,37,2904,1.27%,6.65
طاحونة df83,37,373,9.92%,1.88
1zpresso q2,36,1445,2.49%,6.63
فرسكو,36,762,4.72%,3.74
ميركا,36,658,5.47%,1.18
كوب فريسكو سيراميك,36,326,11.04%,3
مطحنة k6,36,306,11.76%,1.07
xbloom filter,36,225,16%,3.85
عجانة sunmix,36,120,30%,1
مكينة xbloom coffee,36,110,32.73%,1.06
ميزان قهوة,35,4093,0.86%,7.29
lamarzocco,35,1469,2.38%,8.76
سكس جوده عاليه,35,637,5.49%,2.44
xblom,35,358,9.78%,2.24
ماكينة قهوة لامارزوكو,35,356,9.83%,1.14
طاحونة اود من فيلو الجيل الثاني,35,218,16.06%,13.81
سبشليتي هب,35,92,38.04%,1.02
ميركا صانعة ثلج,35,88,39.77%,1.11
اكواب قهوه,34,2917,1.17%,5.62
studio midnight black - xbloom,34,359,9.47%,2.2
متجر سبيشلتي هاب,34,115,29.57%,1
صانعة ثلج mirca,34,108,31.48%,1.33
الة قهوة,33,10144,0.33%,7.51
ماكينة اسبريسو للكافيهات,33,1724,1.91%,3.91
orea,33,1102,2.99%,9.95
ode fellow,33,392,8.42%,5.94
متجر فريسكو,33,372,8.87%,1.7
سبشلي هاب,33,78,42.31%,1
كيمكس,32,4918,0.65%,4.63
مطحنة قهوه,32,2867,1.12%,6.17
اداة كليفر,32,678,4.72%,2.33
orea v4,32,324,9.88%,11.91
كلاسيك سكس,32,227,14.10%,8.52
xbloom studio accessories,32,173,18.50%,3.6
مكينه اكس بلوم,32,124,25.81%,1.13
سبشيلتي هاب,32,54,59.26%,1
ماركو,31,11137,0.28%,6.81
1zpresso,31,1801,1.72%,5.24
x bloom studio,31,215,14.42%,4.25
اكس بلوم قهوه,31,186,16.67%,1.06
اكس بلوم كوفي,31,116,26.72%,1.32
سبشلي هب,31,101,30.69%,1
طاحونة يدوية,30,1703,1.76%,2.42
طاحونة قهوة يدوية,30,1342,2.24%,2.14
the force tamper,30,371,8.09%,20.13
ufo dripper,30,285,10.53%,8.96
لينيا ميني,30,191,15.71%,1.27
df54 طاحونة,30,126,23.81%,1.28
فلاتر اكس بلوم,30,118,25.42%,1.08
سبيشاليتي هب,30,72,41.67%,1
قمع ufo,30,64,46.88%,1.02
hoop,29,710,4.08%,5.85
bonavita,29,689,4.21%,17.98
افضل صانعة ثلج,29,553,5.24%,2.11
مالكونيق ek43,29,539,5.38%,1.18
fellow opus,29,506,5.73%,9.09
fresko,29,441,6.58%,2.64
طاحونة k6,29,325,8.92%,1.44
فريسكو سيراميك,29,312,9.29%,2.76
قمع hoop,29,267,10.86%,1.27
k6 kingrinder,29,221,13.12%,3.31
الة ثلج,28,2745,1.02%,6.96
طاحونة يوريكا,28,670,4.18%,1.11
xpod,28,370,7.57%,20.4
xbloom filters,28,186,15.05%,3.94
اكس بلو,28,132,21.21%,4.2
جهاز اكسبلوم,28,121,23.14%,1.02
barista tools,27,1867,1.45%,6.93
اوبس فيلو,27,1084,2.49%,6.88
قهوة xbloom,27,139,19.42%,1.67
لامارزوكو ليفا,27,119,22.69%,1.39
كاليتا,26,3185,0.82%,2.82
ادوات القهوه,26,2459,1.06%,7.81
marco,26,1632,1.59%,5.1
مطاحن قهوة,26,840,3.10%,2.82
مكينة v60 اوتوماتيك,26,676,3.85%,2.36
df54 grinder,26,561,4.63%,5.11
x bloom coffee,26,421,6.18%,4.48
فريسكو مق,26,360,7.22%,1.82
gs3 la marzocco,26,331,7.85%,16.73
df83 مطحنة,26,129,20.16%,1.11
سبيشلتي هب فريسكو,26,71,36.62%,1
shub.coffee,26,65,40%,1.02
مكينة v60,25,1812,1.38%,7.44
ادوات القهوة المقطرة,25,1778,1.41%,5.94
صانعه الثلج,25,1656,1.51%,4.93
fetco,25,1188,2.10%,6.06
معدات قهوة,25,1000,2.50%,5.65
fellow ode,25,456,5.48%,22.94
سكس كلاسكي,25,285,8.77%,4.7
k6 grinder,25,192,13.02%,6.62
ice cube maker - mirca,25,166,15.06%,1.1
df64 طاحونة,25,152,16.45%,1.27
قمع ابريل,25,70,35.71%,1.11
كوب قهوة,24,8756,0.27%,8.47
قهوة مقطرة,24,6988,0.34%,7.43
مطحنة قهوة اسبريسو,24,1060,2.26%,3.95
مكائن اسبريسو,24,750,3.20%,4.21
أفضل موقع لبيع مكائن القهوة,24,674,3.56%,3.73
ايروبريس,24,566,4.24%,2.92
brewista,24,512,4.69%,6.54
bookoo scale,24,313,7.67%,13.96
قمع اوريقامي,24,255,9.41%,1.69
ماكينة قهوة la marzocco,24,195,12.31%,1.73
سكس طحن,23,756,3.04%,6.05
اداة الكليفر,23,547,4.20%,2.42
مطحنة مالكونيق,23,517,4.45%,2.64
force tamper,23,375,6.13%,19.84
مطحنة دي اف 54,23,179,12.85%,1.07
اداة بولسار,23,114,20.18%,1.27
اكس بلوم استديو,23,106,21.70%,1.18
مكينة ثلج,22,2499,0.88%,5.69
طاحونه قهوه,22,1953,1.13%,4.08
مطحنه يدويه,22,1359,1.62%,2.34
ملاعق اسبريسو,22,812,2.71%,1.14
مق سراميك,22,329,6.69%,4.81
سبيشلي,22,161,13.66%,1.52
zp6 1zpresso,22,154,14.29%,4.27
مق فريسكو الجديد,22,126,17.46%,1.01
باسكت vst 18,22,125,17.60%,1.54
سبيشلتي هي,22,66,33.33%,1
كوب,21,19846,0.11%,8.16
مكينة قهوه,21,3651,0.58%,5.63
الة قهوة مقطرة,21,2979,0.70%,2.32
ماكينة قهوة مقطرة,21,1138,1.85%,3.13
مكاين قهوه,21,866,2.42%,3.96
برويستا,21,590,3.56%,3.28
لامارزوكو لينيا ميني,21,342,6.14%,1.46
tache,21,336,6.25%,4.55
ماكينة la marzocco,21,278,7.55%,1.5
ماكينة اسبريسو لامارزوكو,21,185,11.35%,1.56
six simple machines coffee,21,179,11.73%,6.46
فلاتر تودي,21,110,19.09%,1.12
سبيشلتي هب كوب,21,59,35.59%,1
aeropress,20,1220,1.64%,6
أفضل ماكينة اسبريسو احترافية منزلية,20,925,2.16%,6.1
ايروبرس,20,917,2.18%,6.21
طاحونة اسبريسو,20,911,2.20%,7.06
profitec pro 500,20,491,4.07%,33.92
xpert,20,401,4.99%,8.64
xbloom studio 220v,20,352,5.68%,2.49
موكا بوت بياليتي,20,345,5.80%,7.58
sunmix,20,300,6.67%,6.86
freepour batch,20,200,10%,4.17
سكس كلسك,20,111,18.02%,2.36
مطحنة kingrinder k6,20,78,25.64%,1
ice maker mirca,20,76,26.32%,1.08
سبشلتي هل,20,58,34.48%,1
مطحنه قهوه,19,2578,0.74%,6.12
مطحنة قهوة كهربائية,19,2268,0.84%,9.63
كليفر قهوة,19,790,2.41%,2.06
مطحنة بن يدوية,19,681,2.79%,6.03
سكس تسخين,19,667,2.85%,3.64
فلاتر كافيك,19,524,3.63%,1.7
مقات قهوة,19,524,3.63%,3.93
kingrinder,19,520,3.65%,6.01
سكس جودة عالية,19,264,7.20%,2.74
مقات فريسكو,19,236,8.05%,1.19
طاحونة kingrinder k6,19,195,9.74%,1.51
مطحنة df,19,193,9.84%,1.32
طاحونة df64 v,19,186,10.22%,3.42
1zpresso q2s,19,168,11.31%,5.68
df83 v2,19,166,11.45%,11.4
مكينة سلاير,19,143,13.29%,1.23
xbloom studio midnight black,19,130,14.62%,2.69
موقع سبيشلتي هب,19,107,17.76%,1
سعر xbloom,19,93,20.43%,1.25
مكينة التقطير اكس بلوم,19,83,22.89%,1.05
v60,18,11073,0.16%,7.89
مطحنه,18,7083,0.25%,4.68
هاب,18,4613,0.39%,8.94
مكينة اسبريسو,18,2109,0.85%,1.77
بونافيتا,18,1027,1.75%,1.94
سعر ماكينة القهوة الكبيرة للكافيهات,18,826,2.18%,7.11
toddy cold brew,18,486,3.70%,8.24
مطحنة 1zpresso,18,461,3.90%,3.8
مكينة لامارزوكو مستعملة,18,294,6.12%,4.76
xbloom tea brewer,18,152,11.84%,5.69
ice cube maker 12kg/24h - mirca,18,111,16.22%,1
mirca صانعة ثلج,18,58,31.03%,1.24
سبيشيلتي هب,18,50,36%,1
ميزان قهوه,17,3409,0.50%,9.46
ماكينة اسبريسو احترافية,17,1664,1.02%,8.09
الفرق بين cafe و coffee,17,638,2.66%,4.28
سكس سكس,17,616,2.76%,16.67
fellow grinder,17,522,3.26%,11.74
ice cube maker,17,340,5%,4.48
بروفيتك,17,287,5.92%,1.24
يوريكا اتوم 75,17,278,6.12%,2.97
special hub,17,254,6.69%,2.59
df 64,17,247,6.88%,6.75
df83 grinder,17,245,6.94%,5.82
صانعة ثلج مكعبات,17,176,9.66%,2.22
xbloom xpods,17,156,10.90%,4.66
xbloom coffee pods,17,150,11.33%,6.71
df64 v,17,138,12.32%,5.12
xbloom قهوة,17,117,14.53%,2.61
سكس كلاسيكى,17,93,18.28%,14.74
لامارزوكو gs3 mp,17,87,19.54%,1.18
مطحنة df 54,17,76,22.37%,1.11
صانعة الثلج mirca,17,75,22.67%,1.03
xbloom مكينه,17,46,36.96%,1.04
محاصيل xbloom,17,38,44.74%,1
فلاتر قهوه,16,11013,0.15%,5.89
ماكينة قهوه,16,2326,0.69%,6.53
طاحونة قهوه,16,1661,0.96%,4.06
matcha set,16,1003,1.60%,6.97
مستلزمات القهوة,16,938,1.71%,6.16
صانعة ثلج صغيرة,16,878,1.82%,6.39
مطاحن قهوه,16,538,2.97%,2.78
la marzocco strada,16,381,4.20%,20.21
تودي كولد برو,16,296,5.41%,1.07
xbloom v60,16,293,5.46%,3.83
comandante طاحونة,16,236,6.78%,2.25
طاحونة دي اف 54,16,208,7.69%,2.02
غلاية ميركا,16,189,8.47%,3.18
vst basket,16,188,8.51%,11.07
s hub,16,166,9.64%,14.3
linea mini,16,156,10.26%,5.13
بورستدي,16,140,11.43%,1
كوماندانتي c40,16,139,11.51%,1.5
studio moonlight white - xbloom,16,138,11.59%,1.83
اكواب فريسكو سيراميك,16,117,13.68%,2.6
بولسار قهوة,16,108,14.81%,1.01
وكيل لامارزوكو في السعودية,16,97,16.49%,3.37
poursteady للبيع,16,88,18.18%,1.07
فلتر xbloom,16,63,25.40%,1.03
اكس بلوم ستوديو,16,59,27.12%,1.12
سبشلتي هي,16,50,32%,1
specialityhub,16,40,40%,1.1
اسبشلتي هب,16,37,43.24%,1
speciality hub xbloom,16,26,61.54%,1
طاحونة,15,7288,0.21%,7.74
مطحنة اوبس فيلو,15,762,1.97%,7.85
نوك بوكس,15,684,2.19%,1.89
ماكينة ثلج مكعبات,15,661,2.27%,7.28
ماكينة قهوة اسبريسو للكافيهات,15,470,3.19%,1.78
toddy,15,451,3.33%,7.57
اكايا,15,399,3.76%,1.62
df 83,15,303,4.95%,10.64
1zpresso q air,15,231,6.49%,4.28
مكائن اسبريسو منزلية,15,224,6.70%,2.47
بروفيتك 300,15,213,7.04%,6.51
kingrinder p2,15,195,7.69%,4.89
bookoo,15,171,8.77%,6.88
سبيشالتي,15,154,9.74%,1.44
قمع الاوريجامي,15,143,10.49%,1.22
اداة hoop,15,116,12.93%,1.44
كود خصم سبيشلتي هب,15,81,18.52%,2.01
مود بار,15,79,18.99%,1.38
اله اكس بلوم,15,53,28.30%,1
speciality hub coffee,15,31,48.39%,1
تيامو,14,2935,0.48%,6
الة صنع الثلج,14,1975,0.71%,9.35
قمع كاليتا,14,1057,1.32%,3.02
مكبس قهوة,14,910,1.54%,2.35
ادوات قهوة مقطرة,14,849,1.65%,3.28
افضل عجانة كهربائية,14,596,2.35%,8.18
مالكونيق,14,446,3.14%,1.59
معدات قهوه,14,379,3.69%,6.23
اماكن بيع قطع غيار ماكينات القهوة,14,359,3.90%,7.74
xploom,14,331,4.23%,4.58
holzklotz,14,310,4.52%,5.98
فلو كنترول,14,285,4.91%,3.46
مق فريسكو سيراميك,14,253,5.53%,3.12
fresko cups,14,251,5.58%,5.23
ميزان اكايا لونار,14,220,6.36%,1.43
مالكونيق e80,14,207,6.76%,1.01
ek omnia,14,174,8.05%,14.89
ماكينة قهوة لامارزوكو للبيع,14,164,8.54%,1.66
مطحنة kingrinder,14,163,8.59%,1.74
مالكونيق e65s gbw,14,146,9.59%,1.11
مكينه لامارزوكو,14,142,9.86%,1.43
الة لامارزوكو,14,101,13.86%,1.1
xbloom studio kuwait,14,86,16.28%,11.3
سبشيلتي,14,73,19.18%,1.29
قهوة اكس بلوم,14,67,20.90%,1.18
فلو كنترول e61,14,56,25%,1.18
freepour batch price,14,56,25%,4.2
هوبر مالكونيق,14,39,35.90%,1
ماكينة قهوة منزلية,13,2509,0.52%,8.5
gs3,13,1369,0.95%,8.41
باراتزا,13,1030,1.26%,4.37
ماكينة تقطير القهوة,13,1022,1.27%,4.8
baratza,13,892,1.46%,15.93
بيتشر حليب,13,806,1.61%,2.07
طاحونة مالكونيق,13,728,1.79%,2.06
بروفيتك 700,13,465,2.80%,5.81
مطاحن القهوة,13,396,3.28%,2.87
افضل ماكينة اسبريسو منزلية,13,351,3.70%,5.63
ايرو بريس,13,334,3.89%,4.04
fellow kettle,13,277,4.69%,6.08
xbloom original,13,234,5.56%,5.8
سكس كوب,13,220,5.91%,7.44
pulsar dripper,13,192,6.77%,5.85
لمرزوكو,13,148,8.78%,1.83
طاحونه df54,13,132,9.85%,1.36
xbloom tea,13,124,10.48%,5.63
مكينة gs3,13,123,10.57%,1.15
سكس كلسيكي,13,109,11.93%,6.17
omni dripper 2,13,104,12.50%,3.95
سكس هاب,13,86,15.12%,3.1
سبيشلتي تولز,13,84,15.48%,2.17
مكينه xbloom,13,83,15.66%,1.51
طاحونة df 54,13,72,18.06%,1
شركة شوب المحدودة,13,63,20.63%,1.81
طاحونة df64v,13,61,21.31%,1.8
fressko mug limited edition,13,58,22.41%,1.48
مق الابل,13,58,22.41%,3.03
مطحنة df83v,13,56,23.21%,1.07
الة قهوه,12,4083,0.29%,7.38
مطحنة بن,12,1875,0.64%,11.69
ماكينه قهوه,12,1817,0.66%,7.65
تامبر,12,1725,0.70%,6.44
فلتر v60,12,1434,0.84%,2.28
fellow,12,1336,0.90%,7.49
مطحنة القهوة,12,1145,1.05%,5.87
ادوات باريستا,12,742,1.62%,5.32
مكاين قهوة,12,615,1.95%,3.86
أفضل مطحنة قهوة اسبريسو منزلية,12,381,3.15%,4.34
مطحنة براتزا,12,263,4.56%,2.03
the gabi,12,255,4.71%,14.48
فلاتر كاليتا 155,12,220,5.45%,2.46
مكينة ماركو,12,174,6.90%,1.72
df64v طاحونة,12,173,6.94%,2.3
شحم غذائي,12,167,7.19%,5.5
طاحونة اود فيلو الجيل الثاني,12,143,8.39%,13.56
zojirushi وكيل,12,142,8.45%,4.34
mahlkonig e65s gbw,12,141,8.51%,5.97
poursteady price,12,139,8.63%,6.77
مطحنه اود فيلو,12,124,9.68%,6.98
قطع غيار ماكينة اسبريسو,12,120,10%,2.84
مق قهوة فريسكو,12,113,10.62%,2.3
كافيه او كوفي,12,113,10.62%,2.86
gs3 mp,12,109,11.01%,4.44
ماكينة ميركا اسبريسو,12,103,11.65%,1.88
ماكينة قهوة لامارزوكو gs3,12,88,13.64%,1.17
سلاير اسبريسو,12,81,14.81%,1.73
مق فريسكو الخبر,12,72,16.67%,1.11
كود خصم سبيشلتي هاب,12,63,19.05%,2.4
اله xbloom,12,57,21.05%,1
ماكينة اسبريسو la marzocco,12,50,24%,1.28
ماكينة xbloom studio,12,50,24%,2.22
كلاسك سكس,12,50,24%,3.14
xbloom coffee machine سعر,12,32,37.50%,1.88
specality hub,12,19,63.16%,1
tiamo,11,1182,0.93%,6.73
معدات القهوة,11,952,1.16%,7.07
اوريقامي,11,678,1.62%,3.09
مكائن القهوة,11,600,1.83%,4.7
قطع غيار ماكينة القهوة نسبريسو,11,446,2.47%,6.39
puly caff,11,416,2.64%,22.06
mahlkonig ek43,11,403,2.73%,14.78
baratza encore esp,11,402,2.74%,5.04
ek43,11,367,3%,17.25
profitec,11,277,3.97%,5.57
فيتكو 1221,11,261,4.21%,2.15
kingrinder k2,11,198,5.56%,6.19
pesado,11,179,6.15%,11.23
coffee hub,11,170,6.47%,13.19
متجر مكائن قهوة,11,150,7.33%,5.01
مق الجمل,11,140,7.86%,3.04
اوريغامي قمع,11,120,9.17%,1.06
لامارزوكو gb5,11,119,9.24%,1.12
ode brew grinder gen 2,11,116,9.48%,7.13
ماكينة قهوة تجارية,11,114,9.65%,3.17
طاحونة مالكونيق e80,11,113,9.73%,1
مطحنة zp6,11,85,12.94%,1.25
x blom,11,61,18.03%,2.11
سعر مكينة xbloom,11,49,22.45%,1.06
xbloom filter size,11,49,22.45%,3.98
باسكت vst 20,11,48,22.92%,1
optipure,11,40,27.50%,5.7
كوب معمار,11,21,52.38%,1
فلتر قهوة,10,5195,0.19%,9.99
كوب قهوه,10,4849,0.21%,8.63
mt8. me,10,2210,0.45%,5.98
reza hygiene,10,2200,0.45%,5.33
روكيت,10,2189,0.46%,8.98
اوريغامي,10,1628,0.61%,7.63
الة قهوة مقطرة v60,10,1604,0.62%,7.17
اله ثلج,10,1541,0.65%,6.8
باراتزا انكور,10,1320,0.76%,7.54
baratza encore,10,943,1.06%,6.59
افضل ماكينة قهوة,10,916,1.09%,6.58
ماكينة قهوة تقطير,10,680,1.47%,4.74
فلاتر كاليتا,10,490,2.04%,3.95
زوجيروشي,10,463,2.16%,7.48
طاحونة قهوة اسبريسو,10,441,2.27%,3.43
bonavita coffee maker,10,409,2.44%,26.12
طاحونة فيلو,10,342,2.92%,10.8
puly caff powder,10,340,2.94%,26.37
مق سيراميك من الداخل,10,320,3.12%,7.37
slayer coffee machine,10,303,3.30%,21.21
مطحنة قهوة يدوي,10,285,3.51%,2.98
ماكينة قهوة اليوم ماركو,10,283,3.53%,2.6
مطحنة القهوة اوبس من فيلو,10,222,4.50%,8.2
bialetti moka pot,10,216,4.63%,6.73
baratza sette 270,10,203,4.93%,5.33
طاحونة df,10,197,5.08%,4.17
fellow ode brew grinder gen 2,10,127,7.87%,3.39
مطحنه df54,10,120,8.33%,1.1
la marzocco gs3 mp,10,115,8.70%,9.24
ماكينة اسبريسو تجارية,10,99,10.10%,1.15
ماكينة ميركا,10,92,10.87%,1.82
افضل مطحنة يدوية,10,56,17.86%,1.48
مطحنة ode,10,53,18.87%,1.96
bloom x,10,52,19.23%,3.52
اكس بلوم ستديو,10,45,22.22%,1.22
اكسبلوم ستوديو,10,39,25.64%,1
ابغى سكس ابغى سكس,10,38,26.32%,3.58
بروفيتك 700 للبيع,10,38,26.32%,5.08
مطحنة اود الجيل الثاني,10,36,27.78%,11.92
six simple machine,10,31,32.26%,9.84
سترادا,9,11435,0.08%,4.89
الة اسبريسو,9,6212,0.14%,4.16
طاحونه,9,6134,0.15%,6.96
اوريا,9,5524,0.16%,8.67
استرادا,9,5384,0.17%,3.4
اله قهوه,9,4126,0.22%,7.3
ماكينة قهوة اسبريسو,9,1810,0.50%,13.69
اله قهوة,9,1620,0.56%,6.8
طاحونة باراتزا,9,1178,0.76%,8.82
مطحنة انكور,9,1136,0.79%,4.12
مكينه اسبريسو,9,716,1.26%,3.35
طاحونه يدويه,9,670,1.34%,2.92
هدية الكترونية,9,668,1.35%,3.88
timemore,9,638,1.41%,8.72
براتزا,9,631,1.43%,2.23
ادوات الباريستا,9,627,1.44%,7.97
ماكينة قهوة اليوم فيتكو,9,471,1.91%,5.74
هاريو v60,9,444,2.03%,4.51
مطحنه اسبريسو,9,431,2.09%,2.75
فلوجيت,9,372,2.42%,1.83
baratza forte bg,9,357,2.52%,30.23
افضل عجانة,9,344,2.62%,9.7
يوركا,9,305,2.95%,6.25
قطع غيار مكائن القهوة,9,292,3.08%,4.43
صانعة ثلج رخيصة,9,246,3.66%,5.65
bellezza coffee machine,9,222,4.05%,7.49
مطحنة اود فيلو الجيل الثاني,9,209,4.31%,11.07
عروض مكائن القهوة,9,187,4.81%,4.06
مطحنة fellow,9,162,5.56%,1.65
كوماندانتي mk4,9,162,5.56%,3.06
profitec pro 600,9,134,6.72%,12.69
ايكاوا,9,117,7.69%,1.48
مكينة لامارزوكو استرادا,9,117,7.69%,1.61
april hybrid brewer,9,115,7.83%,12.86
مطحنة قهوة مقطرة,9,108,8.33%,1.93
fellow grinder gen 2,9,106,8.49%,7.02
sunmix mixer,9,104,8.65%,14.86
مكينة سلاير اسبريسو,9,102,8.82%,1.21
مطحنة df64v,9,96,9.38%,1.05
df54 coffee grinder,9,89,10.11%,3.96
pulsar coffee,9,80,11.25%,4.95
متجر سبيشلتي,9,76,11.84%,1.62
مكينة ميركا,9,75,12%,1.2
gs3 av,9,70,12.86%,34.84
xbloom omni dripper 2,9,66,13.64%,5.06
لامارزوكو ميني,9,63,14.29%,1.14
مطحنه df,9,54,16.67%,1.07
orea v4 negotiator,9,41,21.95%,10.22
xbloom studio saudi arabia,9,35,25.71%,2.94
barista hub,9,31,29.03%,8.19
mirka ice maker,9,30,30%,1
سيرفر قهوة,8,5695,0.14%,5.17
فلتر قهوة v60,8,2463,0.32%,3.43
مطاحن,8,2125,0.38%,8.81
ماكينة ثلج,8,1369,0.58%,8.14
تاش,8,1223,0.65%,4.54
نايترو,8,1146,0.70%,3.42
جهاز تقطير القهوة v60,8,1113,0.72%,6.78
الات قهوه,8,950,0.84%,6.02
جهاز قهوة مقطرة,8,898,0.89%,3.49
ماكينة قهوة اسبريسو منزلية,8,861,0.93%,3.38
b75,8,793,1.01%,20.96
رينزر,8,711,1.13%,10.47
افضل مطحنة قهوة,8,690,1.16%,6.05
comandante,8,525,1.52%,6.15
مطحنة فيلو اوبس,8,424,1.89%,7.41
جهاز v60 اوتوماتيك,8,423,1.89%,3.83
متجر ادوات قهوة,8,418,1.91%,12.88
timemore kettle,8,378,2.12%,32.73
فيلو اوبس,8,373,2.14%,6.61
brewista kettle,8,356,2.25%,7.37
أدوات القهوة,8,339,2.36%,6.46
غلايات قهوة,8,337,2.37%,4.51
مطحنة بن اسبريسو,8,320,2.50%,4.68
مكبس قهوة اسبريسو,8,232,3.45%,6.45
ميزان اكايا بيرل,8,224,3.57%,3.43
يوريكا اتوم,8,197,4.06%,1.28
fressko cup,8,197,4.06%,19.64
مقات قهوه,8,193,4.15%,3.18
طاحونة اود فيلو,8,180,4.44%,13.33
بروفيتك 500,8,175,4.57%,1.09
صانعة مكعبات الثلج,8,154,5.19%,2.19
فلاتر كافيك 01,8,145,5.52%,5.41
براتزا فورتي,8,141,5.67%,1.46
لامارزوكو استرادا x,8,138,5.80%,3.1
سكس لبن,8,129,6.20%,13.87
مطحنة اسبريسو يدوية,8,128,6.25%,3.02
فلاتر فيتكو,8,100,8%,2.36
طاحونة df83v,8,89,8.99%,1.24
xbloom studio machine,8,87,9.20%,4.66
مطحنة قهوة يوريكا,8,75,10.67%,1.13
airscape,8,74,10.81%,2.92
orea dripper,8,73,10.96%,11.38
sunmix dough mixer,8,71,11.27%,11.2
la marzocco للبيع,8,70,11.43%,1.73
سكس.كلاسيك,8,69,11.59%,5.45
مق سيراميك فريسكو,8,61,13.11%,1.05
طاحونة zp6,8,60,13.33%,3.62
طاحونه k6,8,58,13.79%,1.26
bonavita 8 cup,8,57,14.04%,26.05
اود فيلو 2,8,55,14.55%,8.85
كوب الابل,8,54,14.81%,1.28
strada s,8,44,18.18%,4.45
six simple machines coffee price,8,42,19.05%,5.45
مكينه اكسبلوم,8,40,20%,1.27
la marzocco strada s,8,40,20%,6.47
the gabi a,8,36,22.22%,1.47
xbloom omni brewer for tea,8,33,24.24%,7.58
feilai df54,8,32,25%,2.47
طاحونة فيلو اود الجيل الثاني اسود,8,30,26.67%,11.2
جهاز x bloom,8,26,30.77%,1.31
ماكينة اكسبلوم,8,23,34.78%,1
اكواب,7,2742,0.26%,9.3
الة القهوة,7,1836,0.38%,7.67
الة الثلج,7,1267,0.55%,7.18
الة تقطير القهوة,7,1037,0.68%,3.19
طاحونه قهوة,7,970,0.72%,4.04
مكينه قهوه مقطره,7,874,0.80%,5.29
افضل ماكينة قهوة منزلية,7,619,1.13%,7.11
طواحين قهوة,7,538,1.30%,8.18
آلة قهوة مقطرة,7,451,1.55%,2.01
الة تقطير قهوة,7,347,2.02%,2.85
مكينة قهوة مقطرة,7,332,2.11%,3.85
notneutral,7,306,2.29%,29.58
الات قهوه مقطره,7,281,2.49%,1.33
مطحنه قهوه يدويه,7,248,2.82%,2.7
كوب هسكي,7,206,3.40%,5.11
mahlkonig x54,7,203,3.45%,4.28
ايس ميكر منزلي,7,198,3.54%,6.1
كوب قهوة سيراميك,7,194,3.61%,14.98
acaia pearl,7,193,3.63%,28.77
باريستا هاسل,7,170,4.12%,4.53
ماركو قهوة اليوم,7,166,4.22%,3.49
لوفرامكس,7,150,4.67%,5.1
eureka mignon,7,147,4.76%,5.41
سكس قهوه,7,135,5.19%,8.69
مق القصيم,7,133,5.26%,5.68
ميزان اسبريسو,7,129,5.43%,6.57
مطحنة مالكونيق x54,7,124,5.65%,2.6
next level pulsar,7,123,5.69%,15.77
la marzocco strada x,7,120,5.83%,4.72
baratza vario w+,7,118,5.93%,37.02
مطحنة مالكونيق ek43,7,109,6.42%,1.04
fellow opus grinder,7,106,6.60%,2.99
strada x,7,106,6.60%,4.49
طاحونه يدوية,7,102,6.86%,1.49
كوب الجمل,7,101,6.93%,4.44
اداة الهوب,7,98,7.14%,3.28
قمع أوريغامي 01,7,97,7.22%,1.68
لامارزوكو جي بي 5,7,97,7.22%,1.68
فريسةو,7,95,7.37%,2.89
كوب fressko,7,94,7.45%,1.64
مطحنة يدوية للقهوة,7,91,7.69%,2.05
ikawa roaster,7,87,8.05%,18.29
bookoo coffee scale,7,82,8.54%,14.02
مكينة استرادا,7,81,8.64%,1.25
s-hub,7,78,8.97%,10.59
لامارزوكو لينيا,7,76,9.21%,1.61
طاحونة comandante,7,72,9.72%,1.96
منظم تدفق الماء غلاية برويستا,7,72,9.72%,3.46
طاحونه df,7,71,9.86%,3.23
مطحنة كومباك,7,70,10%,1.57
كوب فريسكو السعودية,7,67,10.45%,1.49
قمع بولسار,7,60,11.67%,1.03
كوفي هب,7,57,12.28%,4.81
tache coffee,7,55,12.73%,4.35
el rocio,7,53,13.21%,5.51
مج فريسكو,7,51,13.73%,1.61
اكواب فرسكو,7,49,14.29%,1.08
مطحنة مالكونيق مستعملة,7,49,14.29%,2.94
سكس كبس,7,48,14.58%,1.42
مستلزمات الباريستا,7,48,14.58%,4.69
لامرزوكو استرادا,7,46,15.22%,1.41
ماكينة توزيع المشروبات الساخنة والباردة,7,45,15.56%,3.29
xbloom premium paper filters,7,43,16.28%,4.3
pulsar next level,7,42,16.67%,2.38
zp6 special,7,41,17.07%,5.37
bloom machine,7,23,30.43%,2.26
سبشيلتي هوب,7,19,36.84%,1
قمع الاوريا,7,18,38.89%,1
فلتر قهوه,6,3770,0.16%,8.76
سيرفر قهوه,6,2616,0.23%,5.55
هوبر,6,1787,0.34%,7.07
فلاتر v60,6,1751,0.34%,2.1
غلاية قهوة كهربائية,6,1534,0.39%,8.55
بيتشر,6,1430,0.42%,4.25
مكينه ثلج,6,1304,0.46%,6.6
آلة قهوة,6,1233,0.49%,7.66
tamp,6,1036,0.58%,6.86
مكينة اسبرسو,6,969,0.62%,2.59
مكبس قهوه,6,827,0.73%,2.47
mt8.me,6,792,0.76%,7.3
مكينة القهوة,6,733,0.82%,4.7
كومباك,6,629,0.95%,6.9
الات القهوة,6,615,0.98%,6.57
acaia,6,606,0.99%,30.04
molykote,6,578,1.04%,6.62
قمع b75,6,530,1.13%,7.18
ماكينة v60,6,479,1.25%,7.32
fetco coffee brewer,6,464,1.29%,15.17
فلتر كاليتا,6,438,1.37%,3.07
سبيشلتي ستيشن,6,430,1.40%,3.57
مطحنة يدويه,6,424,1.42%,1.4
ابريق ترشيح القهوة,6,341,1.76%,2.43
مكائن قهوه,6,336,1.79%,3.12
مطحنة يدويه v60,6,306,1.96%,5.27
صانع ثلج,6,304,1.97%,8.27
مكائن قهوة اسبريسو,6,283,2.12%,4.54
اكواب سيراميك للقهوة,6,282,2.13%,8.27
ubermilk,6,274,2.19%,21.34
لامارزوكو لينيا كلاسيك,6,273,2.20%,2.74
مطحنة قهوة يدوية 1zpresso,6,264,2.27%,3.86
افضل مكينة قهوة,6,259,2.32%,6.3
مكينة فيتكو,6,248,2.42%,1.52
سكسكاس,6,239,2.51%,3.21
مطحنه بن يدوي,6,239,2.51%,6.54
kef,6,238,2.52%,5.21
مصفاة قهوة,6,227,2.64%,3.27
x,6,223,2.69%,5
فيتكو قهوة اليوم,6,223,2.69%,5.61
luxus coffee,6,198,3.03%,5.68
baratza طاحونة,6,181,3.31%,5.3
x bloom coffee machine,6,162,3.70%,8.17
لينيا كلاسيك,6,157,3.82%,1.68
عجانة حلزونية,6,156,3.85%,1.27
مطحنة اسبرسو,6,156,3.85%,2.67
مطحنة اسبريسو منزلية,6,153,3.92%,6.23
فيلو اود,6,151,3.97%,12.11
برج التقطير,6,140,4.29%,6.26
موقع فريسكو,6,139,4.32%,2.97
مطحنة الاود فيلو,6,138,4.35%,7.62
izaga grinder,6,136,4.41%,12.76
mahlkönig ek43,6,128,4.69%,29.26
la marzocco linea,6,125,4.80%,15.26
فيرسكو,6,119,5.04%,2.86
سكس كلسكي,6,105,5.71%,4.94
لامارزوكو gs3 مستعمل,6,101,5.94%,3.28
la marzocco leva,6,96,6.25%,6.29
ماكينة لامارزوكو,6,95,6.32%,1.33
افضل مطحنة اسبريسو,6,94,6.38%,2.93
ميزان قهوة احترافي,6,91,6.59%,1.46
ارخص صانعة ثلج,6,88,6.82%,4.41
fetco 2241,6,84,7.14%,2.44
مكينة بليزا,6,84,7.14%,2.85
الة قهوة لامارزوكو,6,83,7.23%,1
ميزان acaia,6,81,7.41%,1.9
ماكينة فيتكو,6,81,7.41%,2.23
طاحونة قهوة مقطرة,6,78,7.69%,2
اداة تودي,6,78,7.69%,2.15
مطحنة comandante,6,73,8.22%,2.55
سكس hub,6,73,8.22%,2.67
ابغى سكس سكس,6,69,8.70%,2.57
مطحنة اود فيلو الاصدار الثاني,6,69,8.70%,6.78
غلاية ماركو,6,67,8.96%,1.28
سكس سودا,6,67,8.96%,3.55
fetco xts,6,66,9.09%,19.45
vst basket 18g,6,65,9.23%,29.23
مطحنه k6,6,64,9.38%,1.02
آلة ميركا المنزلية مع الطاحونة,6,62,9.68%,3.42
سبشلتي كوفي,6,61,9.84%,2.52
force tamper 58.5,6,61,9.84%,15.11
xbloom 3d print,6,55,10.91%,6.65
fellow gen 2 ode brew grinder,6,55,10.91%,9.04
fetco 2141,6,50,12%,3.5
opus conical burr grinder,6,50,12%,6.74
أكواب فريسكو إصدار محدود,6,49,12.24%,1.37
frisco mug,6,48,12.50%,1
غطاء مق,6,47,12.77%,1.74
xbloom studio midnight,6,47,12.77%,2.17
تجهيز مقهى,6,47,12.77%,6.7
orea sense glass,6,43,13.95%,15.21
1zpresso zp6 special,6,41,14.63%,7.32
vst 18g basket,6,38,15.79%,18.18
استرادا x,6,35,17.14%,2.43
xbloom studio filters,6,35,17.14%,4.34
محصول شافي,6,32,18.75%,4.59
orea sense cup,6,31,19.35%,11.97
la marzocco portafilter,6,30,20%,3.17
xpod coffee,6,30,20%,11.23
profitec 600,6,27,22.22%,15.48
1zpresso zp6 s,6,26,23.08%,9.23
طاحونة اود فيلو الجيل الثاني اسود,6,24,25%,10.79
ماكينة القهوة من xbloom,6,18,33.33%,1.33
مكينة إكس بلوم,6,16,37.50%,1
سکس کلاسک,6,12,50%,2.67
specialty hub services,6,12,50%,9.67
ابريق قهوة,5,5262,0.10%,5.74
قهوه مقطره,5,3953,0.13%,6.48
كوفي شوب,5,3398,0.15%,10.4
كوفي ستيشن,5,1531,0.33%,9.16
ماكينة القهوة,5,1523,0.33%,13.85
سخان قهوة,5,1409,0.35%,3.68
الة القهوه المقطره,5,1321,0.38%,3.26
ماكينة الاسبريسو,5,1155,0.43%,2.32
ماكينة قهوة v60,5,1014,0.49%,6.58
اسبريسو ماكينة,5,869,0.58%,3.06
أكواب قهوة,5,624,0.80%,4.33
mignon,5,586,0.85%,5.46
mt8 me,5,539,0.93%,6.09
la marzocco coffee machine,5,495,1.01%,14.21
اله قهوه مقطره,5,477,1.05%,2.26
مطحنة baratza,5,402,1.24%,3.59
اكواب قهوة مميزة,5,393,1.27%,5.21
يوريكا سنقل دوز,5,391,1.28%,9.88
بطاقة هدية إلكترونية,5,384,1.30%,7.39
puly,5,376,1.33%,4.21
فلاتر قهوة v60,5,369,1.36%,3.04
صانعة ثلج منزلية,5,361,1.39%,6.9
ماكينات القهوة,5,316,1.58%,6.9
نيترو,5,308,1.62%,13.81
أنواع ماكينات القهوة واسعارها,5,297,1.68%,19.97
مكائن الاسبريسو,5,262,1.91%,3.88
مطحنة باراتزا انكور,5,245,2.04%,5.48
مكائن قهوة تجارية,5,244,2.05%,1.75
قطع غيار ماكينة قهوة,5,241,2.07%,4.21
quinspin,5,240,2.08%,12.68
ماكينة قهوة للكافيهات,5,230,2.17%,6.35
مطحنه فيلو,5,230,2.17%,7.65
euroice,5,216,2.31%,4.81
cafiza,5,214,2.34%,18.48
أفضل أنواع العجانات 2024,5,209,2.39%,8.89
مطاحن اسبريسو,5,208,2.40%,3.41
سکس,5,204,2.45%,24.24
افضل صانعة ثلج منزلية,5,198,2.53%,2.9
كافي أو كوفي,5,195,2.56%,3.2
مطحنه يوريكا,5,186,2.69%,1.26
x bloom coffee machine price,5,178,2.81%,5.53
أفضل صانعة ثلج,5,176,2.84%,1.63
متجر ادوات القهوة,5,170,2.94%,10.62
marzocco,5,170,2.94%,18.08
مطحنة يوريكا ميجنون,5,169,2.96%,3.57
portafilter cleaner,5,159,3.14%,9.11
eureka atom 75,5,159,3.14%,41.16
مق fressko,5,156,3.21%,2.03
برج كولد برو,5,155,3.23%,1.75
ادوات قهوه مختصه,5,150,3.33%,10.17
hub coffee,5,147,3.40%,11.78
بونافيتا صانعة القهوة 8 أكواب,5,144,3.47%,1.72
fellow ode 2,5,142,3.52%,11.98
ماكينة اسبريسو مع مطحنة,5,139,3.60%,3.74
ماكينة لامرزوكو,5,136,3.68%,2.75
مكينة لامرزوكو,5,129,3.88%,2.04
كوفي او كافي,5,121,4.13%,3.53
ceado,5,118,4.24%,23.03
مطاحن يدوية,5,116,4.31%,1.12
وصفات xbloom,5,112,4.46%,3.98
hoop coffee,5,111,4.50%,8.77
fresco mug,5,109,4.59%,2.54
ماكينة اسبريسو كبيرة,5,109,4.59%,5.4
سبشلي,5,107,4.67%,1.1
تسخين سكس,5,107,4.67%,5.25
ماكينة قهوة luxus,5,104,4.81%,1.16
modbar espresso,5,102,4.90%,24.45
مطحنة يوريكا اتوم 75,5,100,5%,2.77
مطحنه اسبرسو,5,97,5.15%,3.26
ode brew grinder,5,96,5.21%,7.97
وكيل روكيت في السعودية,5,95,5.26%,5.96
رينزر بار,5,94,5.32%,5.72
slayer espresso machine,5,91,5.49%,18.63
مطحنة اوبس,5,89,5.62%,4.88
اكايا لونار,5,87,5.75%,3.31
مطحنة فيلو اود,5,86,5.81%,8.6
fellow ode brew grinder,5,85,5.88%,18.82
طاحونة اسبريسو احترافية,5,84,5.95%,6.02
هولزكلوتز,5,83,6.02%,1.01
بونافيتا صانعة القهوة,5,83,6.02%,2.31
marco f60m,5,83,6.02%,5.77
مطحنة كوماندانتي mk4,5,82,6.10%,3.94
fressko coffee cup,5,79,6.33%,19.94
كوب لينو,5,78,6.41%,1.88
قطع غيار مطحنة اديسون,5,77,6.49%,1.78
vst 20g basket,5,76,6.58%,18.03
صانع قهوة مقطرة,5,74,6.76%,2.54
مطاحن قهوة كهربائية,5,67,7.46%,6.25
مكينة لامارزوكو gs3,5,66,7.58%,1.17
ايروبرس شفاف,5,66,7.58%,2.12
فيديوات سكس,5,63,7.94%,11.16
marco bru f60m,5,61,8.20%,21.26
sibarist,5,60,8.33%,8.18
يد ماكينة اسبريسو,5,59,8.47%,5.25
فورس تامبر,5,58,8.62%,11.1
gabi master a,5,51,9.80%,12.51
marco coffee,5,49,10.20%,3.61
sig8.com,5,49,10.20%,6.65
e65s gbw,5,49,10.20%,9.92
gs3 لامارزوكو,5,47,10.64%,1.3
كوفي او كافيه,5,46,10.87%,3.65
kingringer k6,5,44,11.36%,2.11
مالكونيق اومنيا,5,43,11.63%,1
مطاحن يدويه,5,43,11.63%,1.42
دي اف 64,5,42,11.90%,2.64
lexus coffee,5,42,11.90%,9.55
zp6s,5,40,12.50%,7.12
e61 flow control,5,39,12.82%,7.33
أكواب فريسكو,5,36,13.89%,1.06
اله قهوه xbloom,5,36,13.89%,1.06
df64 gen2,5,35,14.29%,7.26
اود فيلو ٢,5,33,15.15%,8.21
أكواب فريسكو بالجمله,5,31,16.13%,2.52
طاحونة فيلو الاصدار الثاني,5,27,18.52%,11.04
اود فيلو الجيل الثاني,5,26,19.23%,11.42
sense cup,5,26,19.23%,13.04
e80 grinder,5,25,20%,35.32
fellow gen 2 ode,5,24,20.83%,4.17
هوبر يوريكا,5,23,21.74%,1.04
la marzocco linea mini r,5,19,26.32%,5
fellow grinder opus,5,18,27.78%,12.06
free pour,5,18,27.78%,15
اكس بلووم,5,17,29.41%,1.18
قمع الهوب,5,14,35.71%,1.79
omnia mahlkonig,5,13,38.46%,2.92
سبيشالتي هاب,5,12,41.67%,1
طاحونة قهوة df54,5,12,41.67%,1
الة ثلج ميركا,5,12,41.67%,1.5
كافيه,4,5710,0.07%,10.17
فلاتر قهوة,4,2678,0.15%,5.42
قهوة,4,2607,0.15%,25.14
gabi,4,1820,0.22%,10.37
ابريق القهوة,4,1466,0.27%,5.61
مطحنة كهربائية,4,1394,0.29%,7.94
اله اسبريسو,4,1303,0.31%,1.42
سخان قهوه,4,1204,0.33%,4.37
جهاز قهوه,4,963,0.42%,7.2
صانع الثلج,4,840,0.48%,5.67
krome,4,793,0.50%,6.38
عدة قهوة مقطرة,4,762,0.52%,7.3
مطحنة قهوة كبيرة,4,729,0.55%,6.67
الة قهوة سوداء,4,666,0.60%,6.04